Images,Source,License,Date Added
https://images.unsplash.com/photo-1472289065668-ce650ac443d2,https://unsplash.com/photos/two-gray-pencils-on-yellow-surface-1_CMoFsPfso,https://unsplash.com/license,8/01/2025
https://images.unsplash.com/photo-1519751138087-5bf79df62d5b,,https://unsplash.com/license,8/01/2025
https://images.unsplash.com/photo-1528458909336-e7a0adfed0a5,,https://unsplash.com/license,8/01/2025
https://images.unsplash.com/photo-1478760329108-5c3ed9d495a0,,https://unsplash.com/license,8/01/2025
https://cdn.pixabay.com/photo/2016/12/01/14/02/light-bulbs-1875384_1280.jpg,,https://pixabay.com/service/license-summary/,8/01/2025
https://cdn.pixabay.com/photo/2015/07/28/22/04/female-865110_1280.jpg,,https://pixabay.com/service/license-summary/,8/01/2025
https://cdn.pixabay.com/photo/2019/03/15/10/32/pear-4056741_1280.jpg,,https://pixabay.com/service/license-summary/,8/01/2025
https://cdn.pixabay.com/photo/2020/02/07/17/15/moon-4827743_1280.jpg,,https://pixabay.com/service/license-summary/,8/01/2025
https://cdn.pixabay.com/photo/2015/09/30/16/52/coffee-965768_1280.jpg,,https://pixabay.com/service/license-summary/,8/01/2025
https://cdn.pixabay.com/photo/2019/06/02/13/50/spring-lake-4246493_1280.jpg,,https://pixabay.com/service/license-summary/,8/01/2025
https://cdn.pixabay.com/photo/2019/10/10/18/42/lake-4540259_1280.jpg,,https://pixabay.com/service/license-summary/,8/01/2025
https://cdn.pixabay.com/photo/2014/06/29/17/29/sun-379602_1280.jpg,,https://pixabay.com/service/license-summary/,8/01/2025
https://cdn.pixabay.com/photo/2017/01/05/16/57/girl-1955797_1280.jpg,,https://pixabay.com/service/license-summary/,8/01/2025
https://cdn.pixabay.com/photo/2016/07/19/18/28/sea-1528683_1280.jpg,,https://pixabay.com/service/license-summary/,8/01/2025
https://cdn.pixabay.com/photo/2018/10/26/18/29/hiking-3775075_1280.jpg,,https://pixabay.com/service/license-summary/,8/01/2025
https://cdn.pixabay.com/photo/2022/03/06/10/13/fire-7051268_1280.jpg,,https://pixabay.com/service/license-summary/,8/01/2025
https://cdn.pixabay.com/photo/2019/04/22/07/25/macro-4145856_1280.jpg,,https://pixabay.com/service/license-summary/,8/01/2025
https://cdn.pixabay.com/photo/2018/04/05/16/46/outdoors-3293350_1280.jpg,,https://pixabay.com/service/license-summary/,8/01/2025
https://cdn.pixabay.com/photo/2018/04/30/23/05/stones-3364325_1280.jpg,,https://pixabay.com/service/license-summary/,8/01/2025
https://cdn.pixabay.com/photo/2017/09/25/14/27/art-2785282_1280.jpg,,https://pixabay.com/service/license-summary/,8/01/2025
https://cdn.pixabay.com/photo/2020/04/04/14/56/achievement-5002582_1280.jpg,,https://pixabay.com/service/license-summary/,8/01/2025
https://cdn.pixabay.com/photo/2016/07/06/00/28/nature-1499629_1280.jpg,,https://pixabay.com/service/license-summary/,8/01/2025
https://cdn.pixabay.com/photo/2017/11/19/16/45/autumn-leaves-2963220_960_720.jpg,,https://pixabay.com/service/license-summary/,8/01/2025
https://cdn.pixabay.com/photo/2018/03/04/19/51/outdoors-3199012_1280.jpg,,https://pixabay.com/service/license-summary/,8/01/2025
